-- ==========================================
-- Dealerships
-- ==========================================
INSERT INTO Dealership (id, name, address) VALUES 
('8D29307A-E5F8-4BDD-A08D-9E9DA86A01AB', 'Northside Dealership', '123 Main Street, New York'),
('7C182069-D4E7-3ACC-907C-8D8C9759F09A', 'Southside Dealership', '456 Oak Avenue, Los Angeles');

-- ==========================================
-- Service Types
-- ==========================================
INSERT INTO ServiceType (id, name, estimatedDuration, description) VALUES 
('11111111-1111-1111-1111-111111111111', 'Oil Change', 30, 'Standard engine oil and filter change'),
('22222222-2222-2222-2222-222222222222', 'Brake Inspection', 45, 'Full check of front and rear brake pads and rotors'),
('33333333-3333-3333-3333-333333333333', 'Tire Rotation', 20, 'Rotate tires for even wear and tear check'),
('44444444-4444-4444-4444-444444444444', 'Battery Replacement', 15, 'Remove old battery and install new one with warranty'),
('55555555-5555-5555-5555-555555555555', 'Engine Diagnostic', 60, 'Computerized scanning of engine error codes');

-- ==========================================
-- Technicians
-- ==========================================
INSERT INTO Technician (id, dealershipId, fullName) VALUES 
('A1A1A1A1-A1A1-A1A1-A1A1-A1A1A1A1A1A1', '8D29307A-E5F8-4BDD-A08D-9E9DA86A01AB', 'John Doe'),
('A2A2A2A2-A2A2-A2A2-A2A2-A2A2A2A2A2A2', '8D29307A-E5F8-4BDD-A08D-9E9DA86A01AB', 'Jane Smith'),
('A3A3A3A3-A3A3-A3A3-A3A3-A3A3A3A3A3A3', '8D29307A-E5F8-4BDD-A08D-9E9DA86A01AB', 'Robert Johnson'),
('B1B1B1B1-B1B1-B1B1-B1B1-B1B1B1B1B1B1', '7C182069-D4E7-3ACC-907C-8D8C9759F09A', 'Michael Brown'),
('B2B2B2B2-B2B2-B2B2-B2B2-B2B2B2B2B2B2', '7C182069-D4E7-3ACC-907C-8D8C9759F09A', 'Emily Davis'),
('B3B3B3B3-B3B3-B3B3-B3B3-B3B3B3B3B3B3', '7C182069-D4E7-3ACC-907C-8D8C9759F09A', 'David Wilson');

-- ==========================================
-- Technician Skills
-- ==========================================
INSERT INTO TechnicianSkill (technicianId, serviceTypeId) VALUES 
-- Tech 1 skills (Oil Change, Tire Rotation)
('A1A1A1A1-A1A1-A1A1-A1A1-A1A1A1A1A1A1', '11111111-1111-1111-1111-111111111111'),
('A1A1A1A1-A1A1-A1A1-A1A1-A1A1A1A1A1A1', '33333333-3333-3333-3333-333333333333'),
-- Tech 2 skills (Brake Inspection, Engine Diagnostic)
('A2A2A2A2-A2A2-A2A2-A2A2-A2A2A2A2A2A2', '22222222-2222-2222-2222-222222222222'),
('A2A2A2A2-A2A2-A2A2-A2A2-A2A2A2A2A2A2', '55555555-5555-5555-5555-555555555555'),
-- Tech 3 skills (Oil Change, Battery Replacement)
('A3A3A3A3-A3A3-A3A3-A3A3-A3A3A3A3A3A3', '11111111-1111-1111-1111-111111111111'),
('A3A3A3A3-A3A3-A3A3-A3A3-A3A3A3A3A3A3', '44444444-4444-4444-4444-444444444444'),
-- Tech 4 skills (Brake Inspection, Tire Rotation, Battery Replacement)
('B1B1B1B1-B1B1-B1B1-B1B1-B1B1B1B1B1B1', '22222222-2222-2222-2222-222222222222'),
('B1B1B1B1-B1B1-B1B1-B1B1-B1B1B1B1B1B1', '33333333-3333-3333-3333-333333333333'),
('B1B1B1B1-B1B1-B1B1-B1B1-B1B1B1B1B1B1', '44444444-4444-4444-4444-444444444444'),
-- Tech 5 skills (Oil Change, Engine Diagnostic)
('B2B2B2B2-B2B2-B2B2-B2B2-B2B2B2B2B2B2', '11111111-1111-1111-1111-111111111111'),
('B2B2B2B2-B2B2-B2B2-B2B2-B2B2B2B2B2B2', '55555555-5555-5555-5555-555555555555'),
-- Tech 6 skills (All skills)
('B3B3B3B3-B3B3-B3B3-B3B3-B3B3B3B3B3B3', '11111111-1111-1111-1111-111111111111'),
('B3B3B3B3-B3B3-B3B3-B3B3-B3B3B3B3B3B3', '22222222-2222-2222-2222-222222222222'),
('B3B3B3B3-B3B3-B3B3-B3B3-B3B3B3B3B3B3', '33333333-3333-3333-3333-333333333333'),
('B3B3B3B3-B3B3-B3B3-B3B3-B3B3B3B3B3B3', '44444444-4444-4444-4444-444444444444'),
('B3B3B3B3-B3B3-B3B3-B3B3-B3B3B3B3B3B3', '55555555-5555-5555-5555-555555555555');

-- ==========================================
-- Service Bays
-- ==========================================
INSERT INTO ServiceBay (id, dealershipId, name) VALUES 
('C1C1C1C1-C1C1-C1C1-C1C1-C1C1C1C1C1C1', '8D29307A-E5F8-4BDD-A08D-9E9DA86A01AB', 'North Bay 1'),
('C2C2C2C2-C2C2-C2C2-C2C2-C2C2C2C2C2C2', '8D29307A-E5F8-4BDD-A08D-9E9DA86A01AB', 'North Bay 2'),
('C3C3C3C3-C3C3-C3C3-C3C3-C3C3C3C3C3C3', '8D29307A-E5F8-4BDD-A08D-9E9DA86A01AB', 'North Bay 3'),
('C4C4C4C4-C4C4-C4C4-C4C4-C4C4C4C4C4C4', '8D29307A-E5F8-4BDD-A08D-9E9DA86A01AB', 'North Bay 4'),
('D1D1D1D1-D1D1-D1D1-D1D1-D1D1D1D1D1D1', '7C182069-D4E7-3ACC-907C-8D8C9759F09A', 'South Bay 1'),
('D2D2D2D2-D2D2-D2D2-D2D2-D2D2D2D2D2D2', '7C182069-D4E7-3ACC-907C-8D8C9759F09A', 'South Bay 2'),
('D3D3D3D3-D3D3-D3D3-D3D3-D3D3D3D3D3D3', '7C182069-D4E7-3ACC-907C-8D8C9759F09A', 'South Bay 3'),
('D4D4D4D4-D4D4-D4D4-D4D4-D4D4D4D4D4D4', '7C182069-D4E7-3ACC-907C-8D8C9759F09A', 'South Bay 4');

-- ==========================================
-- Customers
-- ==========================================
INSERT INTO Customer (id, fullName, email, phone) VALUES 
('E1E1E1E1-E1E1-E1E1-E1E1-E1E1E1E1E1E1', 'Alice Green', 'alice.green@example.com', '555-0101'),
('E2E2E2E2-E2E2-E2E2-E2E2-E2E2E2E2E2E2', 'Bob White', 'bob.white@example.com', '555-0102'),
('E3E3E3E3-E3E3-E3E3-E3E3-E3E3E3E3E3E3', 'Charlie Rose', 'charlie.rose@example.com', '555-0103'),
('E4E4E4E4-E4E4-E4E4-E4E4-E4E4E4E4E4E4', 'Daniel Black', 'daniel.black@example.com', '555-0104'),
('E5E5E5E5-E5E5-E5E5-E5E5-E5E5E5E5E5E5', 'Eva Brown', 'eva.brown@example.com', '555-0105'),
('E6E6E6E6-E6E6-E6E6-E6E6-E6E6E6E6E6E6', 'Frank Miller', 'frank.miller@example.com', '555-0106'),
('E7E7E7E7-E7E7-E7E7-E7E7-E7E7E7E7E7E7', 'Grace Taylor', 'grace.taylor@example.com', '555-0107'),
('E8E8E8E8-E8E8-E8E8-E8E8-E8E8E8E8E8E8', 'Henry Anderson', 'henry.anderson@example.com', '555-0108'),
('E9E9E9E9-E9E9-E9E9-E9E9-E9E9E9E9E9E9', 'Ivy Martinez', 'ivy.martinez@example.com', '555-0109'),
('EAEAEDE5-EAEA-EAEA-EAEA-EAEAEAEAEAEA', 'Jack Robinson', 'jack.robinson@example.com', '555-0110');

-- ==========================================
-- Vehicles
-- ==========================================
INSERT INTO Vehicle (id, customerId, vin, make, model, year) VALUES 
('F1F1F1F1-F1F1-F1F1-F1F1-F1F1F1F1F1F1', 'E1E1E1E1-E1E1-E1E1-E1E1-E1E1E1E1E1E1', '1HGB1234567890123', 'Honda', 'Civic', 2020),
('F1222222-F1F1-F1F1-F1F1-F1F1F1F1F1F1', 'E1E1E1E1-E1E1-E1E1-E1E1-E1E1E1E1E1E1', '1HGB1234567890124', 'Toyota', 'RAV4', 2022),
('F2F2F2F2-F2F2-F2F2-F2F2-F2F2F2F2F2F2', 'E2E2E2E2-E2E2-E2E2-E2E2-E2E2E2E2E2E2', '1HGB2222222222222', 'Ford', 'F-150', 2018),
('F3F3F3F3-F3F3-F3F3-F3F3-F3F3F3F3F3F3', 'E3E3E3E3-E3E3-E3E3-E3E3-E3E3E3E3E3E3', '1HGB3333333333333', 'Chevrolet', 'Malibu', 2019),
('F4F4F4F4-F4F4-F4F4-F4F4-F4F4F4F4F4F4', 'E4E4E4E4-E4E4-E4E4-E4E4-E4E4E4E4E4E4', '1HGB4444444444444', 'BMW', '3 Series', 2021),
('F5F5F5F5-F5F5-F5F5-F5F5-F5F5F5F5F5F5', 'E5E5E5E5-E5E5-E5E5-E5E5-E5E5E5E5E5E5', '1HGB5555555555555', 'Tesla', 'Model 3', 2023),
('F6F6F6F6-F6F6-F6F6-F6F6-F6F6F6F6F6F6', 'E6E6E6E6-E6E6-E6E6-E6E6-E6E6E6E6E6E6', '1HGB6666666666666', 'Subaru', 'Outback', 2017),
('F7F7F7F7-F7F7-F7F7-F7F7-F7F7F7F7F7F7', 'E7E7E7E7-E7E7-E7E7-E7E7-E7E7E7E7E7E7', '1HGB7777777777777', 'Hyundai', 'Elantra', 2020),
('F8F8F8F8-F8F8-F8F8-F8F8-F8F8F8F8F8F8', 'E8E8E8E8-E8E8-E8E8-E8E8-E8E8E8E8E8E8', '1HGB8888888888888', 'Jeep', 'Grand Cherokee', 2016),
('F9F9F9F9-F9F9-F9F9-F9F9-F9F9F9F9F9F9', 'E9E9E9E9-E9E9-E9E9-E9E9-E9E9E9E9E9E9', '1HGB9999999999999', 'Nissan', 'Rogue', 2021),
('FAFAFAFA-FAFA-FAFA-FAFA-FAFAFAFAFAFA', 'EAEAEDE5-EAEA-EAEA-EAEA-EAEAEAEAEAEA', '1HGBAAAAAAAAAAAAA', 'Mazda', 'CX-5', 2022),
('FA222222-FAFA-FAFA-FAFA-FAFAFAFAFAFA', 'EAEAEDE5-EAEA-EAEA-EAEA-EAEAEAEAEAEA', '1HGBAAAAAAAAAAAAB', 'Audi', 'A4', 2020);
